Plate,Experiment,Group,Filename,Sample,Workspace,Compensation Source,Plot Title,Gate,X Parameter,Y Parameter,Count,Volume,Concentration,%Total,%Gated,X Mean,Y Mean,X Median,Y Median,X Peak,Y Peak,X SD,Y SD,X %CV,Y %CV,X rSD,Y rSD,X %rCV,Y %rCV
20241120 Y1H,Experiment,Group,,346-696-1,Experiment,None,N/A,All Events,N/A,N/A,58796,46,1278.174,100.000,100.000,N/A,N/A,N/A,N/A,N/A,N/A,N/A,N/A,N/A,N/A,N/A,N/A,N/A,N/A
20241120 Y1H,Experiment,Group,,346-696-1,Experiment,None,,R2,FSC - FSC-H,SSC - SSC-H,35375,46,769.022,60.166,60.166,445399,136097,463071,134462,525225,134108,157237.97,56554.03,35.30,41.55,181941.70,67378.24,39.29,50.11
20241120 Y1H,Experiment,Group,,346-696-1,Experiment,None,,R3,PHO5pr-mCherry - YL2-H,,3164,46,68.783,5.381,41.262,10681,N/A,11082,N/A,19472,N/A,5810.47,N/A,54.40,N/A,7318.11,N/A,66.04,N/A
20241120 Y1H,Experiment,Group,,346-696-1,Experiment,None,,R1,PHO5pr-mCherry - YL2-H,,7668,46,166.696,13.042,13.042,19896,N/A,15571,N/A,0,N/A,19275.56,N/A,96.88,N/A,19462.83,N/A,125.00,N/A
20241120 Y1H,Experiment,Group,,346-696-1,Experiment,None,,R1,FSC - FSC-H,FSC - FSC-W,7668,46,166.696,13.042,21.676,347997,91,337337,90,259125,84,127152.94,9.20,36.54,10.11,154315.68,10.38,45.75,11.53
20241120 Y1H,Experiment,Group,,346-696-1,Experiment,None,,R2,FSC - FSC-H,FSC - FSC-W,35375,46,769.022,60.166,60.166,445399,112,463071,110,525225,110,157237.97,24.78,35.30,22.13,181941.70,16.31,39.29,14.83
20241120 Y1H,Experiment,Group,,346-696-1,Experiment,None,,R3,PHO5pr-mCherry - YL2-H,,3164,46,68.783,5.381,5.381,10681,N/A,11082,N/A,19472,N/A,5810.47,N/A,54.40,N/A,7318.11,N/A,66.04,N/A
20241120 Y1H,Experiment,Group,,390-696-1,Experiment,None,N/A,All Events,N/A,N/A,51627,36,1434.083,100.000,100.000,N/A,N/A,N/A,N/A,N/A,N/A,N/A,N/A,N/A,N/A,N/A,N/A,N/A,N/A
20241120 Y1H,Experiment,Group,,390-696-1,Experiment,None,,R2,FSC - FSC-H,SSC - SSC-H,38152,36,1059.778,73.899,70.772,421476,128732,437214,128692,531454,56311,157419.83,57568.47,37.35,44.72,193186.48,72909.82,44.19,56.65
20241120 Y1H,Experiment,Group,,390-696-1,Experiment,None,,R3,PHO5pr-mCherry - YL2-H,,5923,36,164.528,11.473,57.089,6208,N/A,4974,N/A,4576,N/A,4320.09,N/A,69.59,N/A,3599.75,N/A,72.37,N/A
20241120 Y1H,Experiment,Group,,390-696-1,Experiment,None,,R1,PHO5pr-mCherry - YL2-H,,10000,36,277.778,19.370,19.370,4739,N/A,2653,N/A,4576,N/A,6250.73,N/A,131.89,N/A,3692.42,N/A,139.21,N/A
20241120 Y1H,Experiment,Group,,390-696-1,Experiment,None,,R1,FSC - FSC-H,FSC - FSC-W,10000,36,277.778,19.370,25.113,326076,90,301193,88,228297,84,123227.86,8.85,37.79,9.86,141976.74,8.90,47.14,10.11
20241120 Y1H,Experiment,Group,,390-696-1,Experiment,None,,R2,FSC - FSC-H,FSC - FSC-W,38152,36,1059.778,73.899,73.899,421476,111,437214,107,531454,112,157419.83,26.88,37.35,24.24,193186.48,17.79,44.19,16.63
20241120 Y1H,Experiment,Group,,390-696-1,Experiment,None,,R3,PHO5pr-mCherry - YL2-H,,5923,36,164.528,11.473,11.473,6208,N/A,4974,N/A,4576,N/A,4320.09,N/A,69.59,N/A,3599.75,N/A,72.37,N/A
20241120 Y1H,Experiment,Group,,390-696-2,Experiment,None,N/A,All Events,N/A,N/A,47591,37,1286.243,100.000,100.000,N/A,N/A,N/A,N/A,N/A,N/A,N/A,N/A,N/A,N/A,N/A,N/A,N/A,N/A
20241120 Y1H,Experiment,Group,,390-696-2,Experiment,None,,R2,FSC - FSC-H,SSC - SSC-H,36200,37,978.378,76.065,74.062,385806,121616,388443,117502,232518,62463,154556.99,55183.31,40.06,45.38,192376.98,66636.94,49.53,56.71
20241120 Y1H,Experiment,Group,,390-696-2,Experiment,None,,R3,PHO5pr-mCherry - YL2-H,,6177,37,166.946,12.979,60.696,5771,N/A,4491,N/A,4453,N/A,4209.02,N/A,72.93,N/A,3337.33,N/A,74.31,N/A
20241120 Y1H,Experiment,Group,,390-696-2,Experiment,None,,R1,PHO5pr-mCherry - YL2-H,,10000,37,270.270,21.012,21.012,4346,N/A,2467,N/A,4453,N/A,5692.27,N/A,130.98,N/A,3309.16,N/A,134.16,N/A
20241120 Y1H,Experiment,Group,,390-696-2,Experiment,None,,R1,FSC - FSC-H,FSC - FSC-W,10000,37,270.270,21.012,26.908,301215,89,277283,87,205993,84,119024.26,8.62,39.51,9.74,128884.64,8.90,46.48,10.22
20241120 Y1H,Experiment,Group,,390-696-2,Experiment,None,,R2,FSC - FSC-H,FSC - FSC-W,36200,37,978.378,76.065,76.065,385806,107,388443,104,232518,111,154556.99,24.02,40.06,22.45,192376.98,16.31,49.53,15.68
20241120 Y1H,Experiment,Group,,390-696-2,Experiment,None,,R3,PHO5pr-mCherry - YL2-H,,6177,37,166.946,12.979,12.979,5771,N/A,4491,N/A,4453,N/A,4209.02,N/A,72.93,N/A,3337.33,N/A,74.31,N/A
20241120 Y1H,Experiment,Group,,390-696-3,Experiment,None,N/A,All Events,N/A,N/A,48699,35,1391.400,100.000,100.000,N/A,N/A,N/A,N/A,N/A,N/A,N/A,N/A,N/A,N/A,N/A,N/A,N/A,N/A
20241120 Y1H,Experiment,Group,,390-696-3,Experiment,None,,R2,FSC - FSC-H,SSC - SSC-H,37433,35,1069.514,76.866,72.943,402402,119958,406671,113561,228333,60413,161518.98,59013.85,40.14,49.20,210876.12,73799.38,51.85,64.99
20241120 Y1H,Experiment,Group,,390-696-3,Experiment,None,,R3,PHO5pr-mCherry - YL2-H,,6009,35,171.686,12.339,57.846,5783,N/A,4656,N/A,3886,N/A,4084.97,N/A,70.64,N/A,3347.71,N/A,71.90,N/A
20241120 Y1H,Experiment,Group,,390-696-3,Experiment,None,,R1,PHO5pr-mCherry - YL2-H,,10000,35,285.714,20.534,20.534,4332,N/A,2437,N/A,3886,N/A,5735.49,N/A,132.40,N/A,3392.19,N/A,139.20,N/A
20241120 Y1H,Experiment,Group,,390-696-3,Experiment,None,,R1,FSC - FSC-H,FSC - FSC-W,10000,35,285.714,20.534,25.365,306911,89,275401,87,220184,82,119591.12,8.62,38.97,9.71,116607.23,8.90,42.34,10.22
20241120 Y1H,Experiment,Group,,390-696-3,Experiment,None,,R2,FSC - FSC-H,FSC - FSC-W,37433,35,1069.514,76.866,76.866,402402,110,406671,105,228333,98,161518.98,26.72,40.14,24.40,210876.12,17.79,51.85,16.94
20241120 Y1H,Experiment,Group,,390-696-3,Experiment,None,,R3,PHO5pr-mCherry - YL2-H,,6009,35,171.686,12.339,12.339,5783,N/A,4656,N/A,3886,N/A,4084.97,N/A,70.64,N/A,3347.71,N/A,71.90,N/A
20241120 Y1H,Experiment,Group,,346-696-2,Experiment,None,N/A,All Events,N/A,N/A,31435,50,628.700,100.000,100.000,N/A,N/A,N/A,N/A,N/A,N/A,N/A,N/A,N/A,N/A,N/A,N/A,N/A,N/A
20241120 Y1H,Experiment,Group,,346-696-2,Experiment,None,,R2,FSC - FSC-H,SSC - SSC-H,18574,50,371.480,59.087,59.087,429859,126431,439866,120928,533705,54279,166667.89,59950.36,38.77,47.42,212050.34,74145.57,48.21,61.31
20241120 Y1H,Experiment,Group,,346-696-2,Experiment,None,,R3,PHO5pr-mCherry - YL2-H,,2193,50,43.860,6.976,55.901,9974,N/A,9646,N/A,10313,N/A,4943.60,N/A,49.57,N/A,5604.23,N/A,58.10,N/A
20241120 Y1H,Experiment,Group,,346-696-2,Experiment,None,,R1,PHO5pr-mCherry - YL2-H,,3923,50,78.460,12.480,12.480,12432,N/A,9141,N/A,10313,N/A,13432.80,N/A,108.05,N/A,11761.47,N/A,128.67,N/A
20241120 Y1H,Experiment,Group,,346-696-2,Experiment,None,,R1,FSC - FSC-H,FSC - FSC-W,3923,50,78.460,12.480,21.121,315148,89,288082,88,218190,86,122603.64,8.78,38.90,9.82,127468.02,8.90,44.25,10.11
20241120 Y1H,Experiment,Group,,346-696-2,Experiment,None,,R2,FSC - FSC-H,FSC - FSC-W,18574,50,371.480,59.087,59.087,429859,111,439866,108,533705,99,166667.89,23.11,38.77,20.86,212050.34,16.31,48.21,15.10
20241120 Y1H,Experiment,Group,,346-696-2,Experiment,None,,R3,PHO5pr-mCherry - YL2-H,,2193,50,43.860,6.976,6.976,9974,N/A,9646,N/A,10313,N/A,4943.60,N/A,49.57,N/A,5604.23,N/A,58.10,N/A
20241120 Y1H,Experiment,Group,,346-1009-1,Experiment,None,N/A,All Events,N/A,N/A,49371,50,987.420,100.000,100.000,N/A,N/A,N/A,N/A,N/A,N/A,N/A,N/A,N/A,N/A,N/A,N/A,N/A,N/A
20241120 Y1H,Experiment,Group,,346-1009-1,Experiment,None,,R2,FSC - FSC-H,SSC - SSC-H,28888,50,577.760,58.512,58.512,429887,127885,440703,123305,500707,64562,165619.36,59634.52,38.53,46.63,207122.18,74779.38,47.00,60.65
20241120 Y1H,Experiment,Group,,346-1009-1,Experiment,None,,R3,PHO5pr-mCherry - YL2-H,,3588,50,71.760,7.267,55.413,10050,N/A,9998,N/A,16298,N/A,5263.44,N/A,52.37,N/A,6198.01,N/A,61.99,N/A
20241120 Y1H,Experiment,Group,,346-1009-1,Experiment,None,,R1,PHO5pr-mCherry - YL2-H,,6475,50,129.500,13.115,13.115,14741,N/A,11170,N/A,16298,N/A,14596.74,N/A,99.02,N/A,13184.76,N/A,118.04,N/A
20241120 Y1H,Experiment,Group,,346-1009-1,Experiment,None,,R1,FSC - FSC-H,FSC - FSC-W,6475,50,129.500,13.115,22.414,324153,90,295915,88,244917,86,127859.15,9.10,39.44,10.14,136332.48,8.90,46.07,10.11
20241120 Y1H,Experiment,Group,,346-1009-1,Experiment,None,,R2,FSC - FSC-H,FSC - FSC-W,28888,50,577.760,58.512,58.512,429887,111,440703,108,500707,104,165619.36,24.90,38.53,22.40,207122.18,17.79,47.00,16.47
20241120 Y1H,Experiment,Group,,346-1009-1,Experiment,None,,R3,PHO5pr-mCherry - YL2-H,,3588,50,71.760,7.267,7.267,10050,N/A,9998,N/A,16298,N/A,5263.44,N/A,52.37,N/A,6198.01,N/A,61.99,N/A
20241120 Y1H,Experiment,Group,,346-1009-2,Experiment,None,N/A,All Events,N/A,N/A,50739,50,1014.780,100.000,100.000,N/A,N/A,N/A,N/A,N/A,N/A,N/A,N/A,N/A,N/A,N/A,N/A,N/A,N/A
20241120 Y1H,Experiment,Group,,346-1009-2,Experiment,None,,R2,FSC - FSC-H,SSC - SSC-H,30276,50,605.520,59.670,59.670,419448,125260,425254,118959,539638,70602,167920.49,58970.52,40.03,47.08,211635.22,71349.38,49.77,59.98
20241120 Y1H,Experiment,Group,,346-1009-2,Experiment,None,,R3,PHO5pr-mCherry - YL2-H,,4093,50,81.860,8.067,59.491,9821,N/A,9624,N/A,14062,N/A,5221.29,N/A,53.16,N/A,6194.30,N/A,64.36,N/A
20241120 Y1H,Experiment,Group,,346-1009-2,Experiment,None,,R1,PHO5pr-mCherry - YL2-H,,6880,50,137.600,13.560,13.560,14473,N/A,10798,N/A,14062,N/A,14489.37,N/A,100.11,N/A,11800.01,N/A,109.28,N/A
20241120 Y1H,Experiment,Group,,346-1009-2,Experiment,None,,R1,FSC - FSC-H,FSC - FSC-W,6880,50,137.600,13.560,22.724,312937,89,286398,88,228552,86,125506.05,8.89,40.11,9.97,130501.41,8.90,45.57,10.11
20241120 Y1H,Experiment,Group,,346-1009-2,Experiment,None,,R2,FSC - FSC-H,FSC - FSC-W,30276,50,605.520,59.670,59.670,419448,110,425254,107,539638,115,167920.49,25.09,40.03,22.73,211635.22,17.79,49.77,16.63
20241120 Y1H,Experiment,Group,,346-1009-2,Experiment,None,,R3,PHO5pr-mCherry - YL2-H,,4093,50,81.860,8.067,8.067,9821,N/A,9624,N/A,14062,N/A,5221.29,N/A,53.16,N/A,6194.30,N/A,64.36,N/A
20241120 Y1H,Experiment,Group,,346-1009-3,Experiment,None,N/A,All Events,N/A,N/A,74913,50,1498.260,100.000,100.000,N/A,N/A,N/A,N/A,N/A,N/A,N/A,N/A,N/A,N/A,N/A,N/A,N/A,N/A
20241120 Y1H,Experiment,Group,,346-1009-3,Experiment,None,,R2,FSC - FSC-H,SSC - SSC-H,45630,50,912.600,60.911,58.709,444498,133002,471473,132155,562286,62489,169480.15,61015.61,38.13,45.88,207060.65,79148.60,43.92,59.89
20241120 Y1H,Experiment,Group,,346-1009-3,Experiment,None,,R3,PHO5pr-mCherry - YL2-H,,6262,50,125.240,8.359,60.625,9852,N/A,9713,N/A,13506,N/A,5153.66,N/A,52.31,N/A,5868.13,N/A,60.42,N/A
20241120 Y1H,Experiment,Group,,346-1009-3,Experiment,None,,R1,PHO5pr-mCherry - YL2-H,,10000,50,200.000,13.349,13.349,14756,N/A,11232,N/A,13506,N/A,13978.72,N/A,94.73,N/A,11031.29,N/A,98.21,N/A
20241120 Y1H,Experiment,Group,,346-1009-3,Experiment,None,,R1,FSC - FSC-H,FSC - FSC-W,10000,50,200.000,13.349,21.152,329793,90,298942,88,216097,85,130746.96,9.33,39.65,10.40,141057.53,10.38,47.19,11.79
20241120 Y1H,Experiment,Group,,346-1009-3,Experiment,None,,R2,FSC - FSC-H,FSC - FSC-W,45630,50,912.600,60.911,60.911,444498,113,471473,110,562286,116,169480.15,27.84,38.13,24.55,207060.65,19.27,43.92,17.52
20241120 Y1H,Experiment,Group,,346-1009-3,Experiment,None,,R3,PHO5pr-mCherry - YL2-H,,6262,50,125.240,8.359,8.359,9852,N/A,9713,N/A,13506,N/A,5153.66,N/A,52.31,N/A,5868.13,N/A,60.42,N/A
20241120 Y1H,Experiment,Group,,NA-blank-1,Experiment,None,N/A,All Events,N/A,N/A,1095,50,21.900,100.000,100.000,N/A,N/A,N/A,N/A,N/A,N/A,N/A,N/A,N/A,N/A,N/A,N/A,N/A,N/A
20241120 Y1H,Experiment,Group,,NA-blank-1,Experiment,None,,R2,FSC - FSC-H,SSC - SSC-H,380,50,7.600,34.703,34.703,194739,69592,174210,64446,174846,33568,89468.67,33357.15,45.94,47.93,73593.30,29600.11,42.24,45.93
20241120 Y1H,Experiment,Group,,NA-blank-1,Experiment,None,,R3,PHO5pr-mCherry - YL2-H,,91,50,1.820,8.311,77.778,2052,N/A,1669,N/A,1449,N/A,1672.07,N/A,81.50,N/A,518.91,N/A,31.09,N/A
20241120 Y1H,Experiment,Group,,NA-blank-1,Experiment,None,,R1,PHO5pr-mCherry - YL2-H,,117,50,2.340,10.685,10.685,2650,N/A,1495,N/A,1449,N/A,6777.31,N/A,255.73,N/A,526.32,N/A,35.21,N/A
20241120 Y1H,Experiment,Group,,NA-blank-1,Experiment,None,,R1,FSC - FSC-H,FSC - FSC-W,117,50,2.340,10.685,30.789,160719,83,139416,82,118306,83,57622.63,4.88,35.85,5.92,32458.56,4.45,23.28,5.42
20241120 Y1H,Experiment,Group,,NA-blank-1,Experiment,None,,R2,FSC - FSC-H,FSC - FSC-W,380,50,7.600,34.703,34.703,194739,92,174210,91,174846,89,89468.67,16.53,45.94,18.05,73593.30,9.64,42.24,10.65
20241120 Y1H,Experiment,Group,,NA-blank-1,Experiment,None,,R3,PHO5pr-mCherry - YL2-H,,91,50,1.820,8.311,8.311,2052,N/A,1669,N/A,1449,N/A,1672.07,N/A,81.50,N/A,518.91,N/A,31.09,N/A
20241120 Y1H,Experiment,Group,,390-1009-1,Experiment,None,N/A,All Events,N/A,N/A,46064,30,1535.467,100.000,100.000,N/A,N/A,N/A,N/A,N/A,N/A,N/A,N/A,N/A,N/A,N/A,N/A,N/A,N/A
20241120 Y1H,Experiment,Group,,390-1009-1,Experiment,None,,R2,FSC - FSC-H,SSC - SSC-H,35726,30,1190.867,77.557,72.916,392698,121948,396189,116309,506928,66589,153621.02,55270.06,39.12,45.32,191414.78,65524.25,48.31,56.34
20241120 Y1H,Experiment,Group,,390-1009-1,Experiment,None,,R3,PHO5pr-mCherry - YL2-H,,6112,30,203.733,13.268,58.343,6837,N/A,5650,N/A,5832,N/A,4598.17,N/A,67.26,N/A,4373.67,N/A,77.41,N/A
20241120 Y1H,Experiment,Group,,390-1009-1,Experiment,None,,R1,PHO5pr-mCherry - YL2-H,,10000,30,333.333,21.709,21.709,6038,N/A,3415,N/A,5832,N/A,7946.15,N/A,131.60,N/A,4796.21,N/A,140.45,N/A
20241120 Y1H,Experiment,Group,,390-1009-1,Experiment,None,,R1,FSC - FSC-H,FSC - FSC-W,10000,30,333.333,21.709,26.344,310862,89,285625,88,220195,82,119025.85,8.49,38.29,9.54,130631.88,8.90,45.74,10.11
20241120 Y1H,Experiment,Group,,390-1009-1,Experiment,None,,R2,FSC - FSC-H,FSC - FSC-W,35726,30,1190.867,77.557,77.557,392698,109,396189,105,506928,97,153621.02,26.48,39.12,24.36,191414.78,16.31,48.31,15.53
20241120 Y1H,Experiment,Group,,390-1009-1,Experiment,None,,R3,PHO5pr-mCherry - YL2-H,,6112,30,203.733,13.268,13.268,6837,N/A,5650,N/A,5832,N/A,4598.17,N/A,67.26,N/A,4373.67,N/A,77.41,N/A
20241120 Y1H,Experiment,Group,,390-1009-2,Experiment,None,N/A,All Events,N/A,N/A,53634,50,1072.680,100.000,100.000,N/A,N/A,N/A,N/A,N/A,N/A,N/A,N/A,N/A,N/A,N/A,N/A,N/A,N/A
20241120 Y1H,Experiment,Group,,390-1009-2,Experiment,None,,R2,FSC - FSC-H,SSC - SSC-H,39381,50,787.620,73.425,73.425,398216,126499,407078,125090,214029,52262,154359.83,56652.44,38.76,44.78,195688.37,70961.68,48.07,56.73
20241120 Y1H,Experiment,Group,,390-1009-2,Experiment,None,,R3,PHO5pr-mCherry - YL2-H,,5667,50,113.340,10.566,59.025,6553,N/A,5325,N/A,5672,N/A,4494.06,N/A,68.58,N/A,3927.41,N/A,73.75,N/A
20241120 Y1H,Experiment,Group,,390-1009-2,Experiment,None,,R1,PHO5pr-mCherry - YL2-H,,9601,50,192.020,17.901,17.901,5605,N/A,3016,N/A,5672,N/A,7703.12,N/A,137.44,N/A,4229.86,N/A,140.25,N/A
20241120 Y1H,Experiment,Group,,390-1009-2,Experiment,None,,R1,FSC - FSC-H,FSC - FSC-W,9601,50,192.020,17.901,24.380,298892,89,266360,87,209848,85,117794.44,8.49,39.41,9.57,116911.90,8.90,43.89,10.22
20241120 Y1H,Experiment,Group,,390-1009-2,Experiment,None,,R2,FSC - FSC-H,FSC - FSC-W,39381,50,787.620,73.425,73.425,398216,108,407078,106,214029,113,154359.83,23.06,38.76,21.30,195688.37,16.31,48.07,15.39
20241120 Y1H,Experiment,Group,,390-1009-2,Experiment,None,,R3,PHO5pr-mCherry - YL2-H,,5667,50,113.340,10.566,10.566,6553,N/A,5325,N/A,5672,N/A,4494.06,N/A,68.58,N/A,3927.41,N/A,73.75,N/A
20241120 Y1H,Experiment,Group,,390-1009-3,Experiment,None,N/A,All Events,N/A,N/A,45188,31,1457.677,100.000,100.000,N/A,N/A,N/A,N/A,N/A,N/A,N/A,N/A,N/A,N/A,N/A,N/A,N/A,N/A
20241120 Y1H,Experiment,Group,,390-1009-3,Experiment,None,,R2,FSC - FSC-H,SSC - SSC-H,35114,31,1132.710,77.706,75.109,387893,117709,378251,108279,212029,58391,157945.37,56859.85,40.72,48.31,198073.87,65522.02,52.37,60.51
20241120 Y1H,Experiment,Group,,390-1009-3,Experiment,None,,R3,PHO5pr-mCherry - YL2-H,,6461,31,208.419,14.298,62.771,6411,N/A,5347,N/A,6409,N/A,4275.33,N/A,66.69,N/A,4031.19,N/A,75.39,N/A
20241120 Y1H,Experiment,Group,,390-1009-3,Experiment,None,,R1,PHO5pr-mCherry - YL2-H,,10000,31,322.581,22.130,22.130,5515,N/A,3407,N/A,6409,N/A,6950.29,N/A,126.03,N/A,4619.04,N/A,135.57,N/A
20241120 Y1H,Experiment,Group,,390-1009-3,Experiment,None,,R1,FSC - FSC-H,FSC - FSC-W,10000,31,322.581,22.130,27.561,303812,89,276117,87,212075,86,117318.25,8.43,38.62,9.50,117440.45,8.90,42.53,10.22
20241120 Y1H,Experiment,Group,,390-1009-3,Experiment,None,,R2,FSC - FSC-H,FSC - FSC-W,35114,31,1132.710,77.706,77.706,387893,108,378251,104,212029,97,157945.37,25.70,40.72,23.80,198073.87,16.31,52.37,15.68
20241120 Y1H,Experiment,Group,,390-1009-3,Experiment,None,,R3,PHO5pr-mCherry - YL2-H,,6461,31,208.419,14.298,14.298,6411,N/A,5347,N/A,6409,N/A,4275.33,N/A,66.69,N/A,4031.19,N/A,75.39,N/A
20241120 Y1H,Experiment,Group,,247-696-1,Experiment,None,N/A,All Events,N/A,N/A,30059,50,601.180,100.000,100.000,N/A,N/A,N/A,N/A,N/A,N/A,N/A,N/A,N/A,N/A,N/A,N/A,N/A,N/A
20241120 Y1H,Experiment,Group,,247-696-1,Experiment,None,,R2,FSC - FSC-H,SSC - SSC-H,17619,50,352.380,58.615,58.615,419927,126455,409425,116890,257026,72657,163864.61,59336.89,39.02,46.92,202702.55,70955.75,49.51,60.70
20241120 Y1H,Experiment,Group,,247-696-1,Experiment,None,,R3,PHO5pr-mCherry - YL2-H,,10,50,0.200,0.033,0.252,2840,N/A,1979,N/A,1175,N/A,2359.15,N/A,83.06,N/A,742.04,N/A,37.50,N/A
20241120 Y1H,Experiment,Group,,247-696-1,Experiment,None,,R1,PHO5pr-mCherry - YL2-H,,3966,50,79.320,13.194,13.194,128,N/A,90,N/A,87,N/A,213.19,N/A,166.42,N/A,43.00,N/A,47.77,N/A
20241120 Y1H,Experiment,Group,,247-696-1,Experiment,None,,R1,FSC - FSC-H,FSC - FSC-W,3966,50,79.320,13.194,22.510,312201,90,287698,88,271608,87,114650.71,8.18,36.72,9.13,107521.12,7.41,37.37,8.42
20241120 Y1H,Experiment,Group,,247-696-1,Experiment,None,,R2,FSC - FSC-H,FSC - FSC-W,17619,50,352.380,58.615,58.615,419927,110,409425,106,257026,104,163864.61,23.28,39.02,21.15,202702.55,16.31,49.51,15.39
20241120 Y1H,Experiment,Group,,247-696-1,Experiment,None,,R3,PHO5pr-mCherry - YL2-H,,10,50,0.200,0.033,0.033,2840,N/A,1979,N/A,1175,N/A,2359.15,N/A,83.06,N/A,742.04,N/A,37.50,N/A
20241120 Y1H,Experiment,Group,,247-1009-1,Experiment,None,N/A,All Events,N/A,N/A,48613,50,972.260,100.000,100.000,N/A,N/A,N/A,N/A,N/A,N/A,N/A,N/A,N/A,N/A,N/A,N/A,N/A,N/A
20241120 Y1H,Experiment,Group,,247-1009-1,Experiment,None,,R2,FSC - FSC-H,SSC - SSC-H,28468,50,569.360,58.560,58.560,428716,129341,429035,122810,267280,70661,163340.66,59667.30,38.10,46.13,206133.29,74204.13,48.05,60.42
20241120 Y1H,Experiment,Group,,247-1009-1,Experiment,None,,R3,PHO5pr-mCherry - YL2-H,,15,50,0.300,0.031,0.247,1352,N/A,1270,N/A,1197,N/A,217.76,N/A,16.10,N/A,140.85,N/A,11.09,N/A
20241120 Y1H,Experiment,Group,,247-1009-1,Experiment,None,,R1,PHO5pr-mCherry - YL2-H,,6069,50,121.380,12.484,12.484,124,N/A,93,N/A,86,N/A,131.75,N/A,106.03,N/A,44.48,N/A,47.83,N/A
20241120 Y1H,Experiment,Group,,247-1009-1,Experiment,None,,R1,FSC - FSC-H,FSC - FSC-W,6069,50,121.380,12.484,21.319,324587,90,298601,89,228558,85,118860.45,8.48,36.62,9.45,118527.94,8.90,39.69,10.00
20241120 Y1H,Experiment,Group,,247-1009-1,Experiment,None,,R2,FSC - FSC-H,FSC - FSC-W,28468,50,569.360,58.560,58.560,428716,112,429035,108,267280,98,163340.66,25.54,38.10,22.83,206133.29,16.31,48.05,15.10
20241120 Y1H,Experiment,Group,,247-1009-1,Experiment,None,,R3,PHO5pr-mCherry - YL2-H,,15,50,0.300,0.031,0.031,1352,N/A,1270,N/A,1197,N/A,217.76,N/A,16.10,N/A,140.85,N/A,11.09,N/A
20241120 Y1H,Experiment,Group,,247-1009-2,Experiment,None,N/A,All Events,N/A,N/A,59523,50,1190.460,100.000,100.000,N/A,N/A,N/A,N/A,N/A,N/A,N/A,N/A,N/A,N/A,N/A,N/A,N/A,N/A
20241120 Y1H,Experiment,Group,,247-1009-2,Experiment,None,,R2,FSC - FSC-H,SSC - SSC-H,37239,50,744.780,62.562,62.562,423207,127032,419154,118952,236550,68620,163827.81,59637.15,38.71,46.95,205952.41,72782.32,49.14,61.19
20241120 Y1H,Experiment,Group,,247-1009-2,Experiment,None,,R3,PHO5pr-mCherry - YL2-H,,24,50,0.480,0.040,0.278,1858,N/A,1549,N/A,1168,N/A,751.46,N/A,40.44,N/A,514.46,N/A,33.21,N/A
20241120 Y1H,Experiment,Group,,247-1009-2,Experiment,None,,R1,PHO5pr-mCherry - YL2-H,,8645,50,172.900,14.524,14.524,124,N/A,93,N/A,86,N/A,146.39,N/A,118.46,N/A,44.48,N/A,47.83,N/A
20241120 Y1H,Experiment,Group,,247-1009-2,Experiment,None,,R1,FSC - FSC-H,FSC - FSC-W,8645,50,172.900,14.524,23.215,324740,90,300850,89,236483,86,118753.88,8.54,36.57,9.53,118974.20,8.90,39.55,10.00
20241120 Y1H,Experiment,Group,,247-1009-2,Experiment,None,,R2,FSC - FSC-H,FSC - FSC-W,37239,50,744.780,62.562,62.562,423207,112,419154,107,236550,101,163827.81,26.60,38.71,23.83,205952.41,17.79,49.14,16.63
20241120 Y1H,Experiment,Group,,247-1009-2,Experiment,None,,R3,PHO5pr-mCherry - YL2-H,,24,50,0.480,0.040,0.040,1858,N/A,1549,N/A,1168,N/A,751.46,N/A,40.44,N/A,514.46,N/A,33.21,N/A
20241120 Y1H,Experiment,Group,,247-1009-3,Experiment,None,N/A,All Events,N/A,N/A,49230,50,984.600,100.000,100.000,N/A,N/A,N/A,N/A,N/A,N/A,N/A,N/A,N/A,N/A,N/A,N/A,N/A,N/A
20241120 Y1H,Experiment,Group,,247-1009-3,Experiment,None,,R2,FSC - FSC-H,SSC - SSC-H,31726,50,634.520,64.444,64.444,417806,123321,400721,111221,275396,64521,163554.68,59631.20,39.15,48.35,202208.10,68912.73,50.46,61.96
20241120 Y1H,Experiment,Group,,247-1009-3,Experiment,None,,R3,PHO5pr-mCherry - YL2-H,,8,50,0.160,0.016,0.116,1615,N/A,1332,N/A,1181,N/A,628.47,N/A,38.91,N/A,226.10,N/A,16.98,N/A
20241120 Y1H,Experiment,Group,,247-1009-3,Experiment,None,,R1,PHO5pr-mCherry - YL2-H,,6887,50,137.740,13.989,13.989,110,N/A,88,N/A,86,N/A,110.59,N/A,100.29,N/A,40.03,N/A,45.49,N/A
20241120 Y1H,Experiment,Group,,247-1009-3,Experiment,None,,R1,FSC - FSC-H,FSC - FSC-W,6887,50,137.740,13.989,21.708,315569,89,291214,88,263143,84,115051.41,8.32,36.46,9.30,107624.90,7.41,36.96,8.42
20241120 Y1H,Experiment,Group,,247-1009-3,Experiment,None,,R2,FSC - FSC-H,FSC - FSC-W,31726,50,634.520,64.444,64.444,417806,111,400721,107,275396,99,163554.68,25.93,39.15,23.27,202208.10,16.31,50.46,15.24
20241120 Y1H,Experiment,Group,,247-1009-3,Experiment,None,,R3,PHO5pr-mCherry - YL2-H,,8,50,0.160,0.016,0.016,1615,N/A,1332,N/A,1181,N/A,628.47,N/A,38.91,N/A,226.10,N/A,16.98,N/A
20241120 Y1H,Experiment,Group,,346-696-3,Experiment,None,N/A,All Events,N/A,N/A,49938,50,998.760,100.000,100.000,N/A,N/A,N/A,N/A,N/A,N/A,N/A,N/A,N/A,N/A,N/A,N/A,N/A,N/A
20241120 Y1H,Experiment,Group,,346-696-3,Experiment,None,,R2,FSC - FSC-H,SSC - SSC-H,28298,50,565.960,56.666,56.666,439281,132762,454596,130208,566314,70661,168454.75,59376.59,38.35,44.72,206193.33,74452.46,45.36,57.18
20241120 Y1H,Experiment,Group,,346-696-3,Experiment,None,,R3,PHO5pr-mCherry - YL2-H,,2544,50,50.880,5.094,42.478,10351,N/A,10745,N/A,13698,N/A,5572.32,N/A,53.83,N/A,6673.18,N/A,62.11,N/A
20241120 Y1H,Experiment,Group,,346-696-3,Experiment,None,,R1,PHO5pr-mCherry - YL2-H,,5989,50,119.780,11.993,11.993,15269,N/A,11087,N/A,0,N/A,16799.08,N/A,110.02,N/A,15543.58,N/A,140.20,N/A
20241120 Y1H,Experiment,Group,,346-696-3,Experiment,None,,R1,FSC - FSC-H,FSC - FSC-W,5989,50,119.780,11.993,21.164,326449,90,302836,89,238781,87,128750.78,9.19,39.44,10.21,143819.61,10.38,47.49,11.66
20241120 Y1H,Experiment,Group,,346-696-3,Experiment,None,,R2,FSC - FSC-H,FSC - FSC-W,28298,50,565.960,56.666,56.666,439281,113,454596,109,566314,114,168454.75,26.27,38.35,23.32,206193.33,17.79,45.36,16.32
20241120 Y1H,Experiment,Group,,346-696-3,Experiment,None,,R3,PHO5pr-mCherry - YL2-H,,2544,50,50.880,5.094,5.094,10351,N/A,10745,N/A,13698,N/A,5572.32,N/A,53.83,N/A,6673.18,N/A,62.11,N/A
20241120 Y1H,Experiment,Group,,469-696-1,Experiment,None,N/A,All Events,N/A,N/A,45515,30,1517.167,100.000,100.000,N/A,N/A,N/A,N/A,N/A,N/A,N/A,N/A,N/A,N/A,N/A,N/A,N/A,N/A
20241120 Y1H,Experiment,Group,,469-696-1,Experiment,None,,R2,FSC - FSC-H,SSC - SSC-H,35974,30,1199.133,79.038,74.334,381574,116328,369314,106368,250814,56359,156768.18,55242.86,41.08,47.49,191435.53,61713.22,51.84,58.02
20241120 Y1H,Experiment,Group,,469-696-1,Experiment,None,,R3,PHO5pr-mCherry - YL2-H,,6901,30,230.033,15.162,65.636,5895,N/A,4832,N/A,5303,N/A,4024.15,N/A,68.26,N/A,3497.45,N/A,72.38,N/A
20241120 Y1H,Experiment,Group,,469-696-1,Experiment,None,,R1,PHO5pr-mCherry - YL2-H,,10000,30,333.333,21.971,21.971,4626,N/A,3158,N/A,5303,N/A,5057.97,N/A,109.33,N/A,3970.40,N/A,125.73,N/A
20241120 Y1H,Experiment,Group,,469-696-1,Experiment,None,,R1,FSC - FSC-H,FSC - FSC-W,10000,30,333.333,21.971,26.195,299133,89,274390,88,226202,85,114863.31,8.26,38.40,9.32,116866.68,8.90,42.59,10.11
20241120 Y1H,Experiment,Group,,469-696-1,Experiment,None,,R2,FSC - FSC-H,FSC - FSC-W,35974,30,1199.133,79.038,79.038,381574,109,369314,104,250814,98,156768.18,26.84,41.08,24.72,191435.53,16.31,51.84,15.68
20241120 Y1H,Experiment,Group,,469-696-1,Experiment,None,,R3,PHO5pr-mCherry - YL2-H,,6901,30,230.033,15.162,15.162,5895,N/A,4832,N/A,5303,N/A,4024.15,N/A,68.26,N/A,3497.45,N/A,72.38,N/A
20241120 Y1H,Experiment,Group,,469-696-2,Experiment,None,N/A,All Events,N/A,N/A,46784,28,1670.857,100.000,100.000,N/A,N/A,N/A,N/A,N/A,N/A,N/A,N/A,N/A,N/A,N/A,N/A,N/A,N/A
20241120 Y1H,Experiment,Group,,469-696-2,Experiment,None,,R2,FSC - FSC-H,SSC - SSC-H,36418,28,1300.643,77.843,73.700,387937,118469,378111,109332,238511,64540,160956.78,56420.79,41.49,47.62,201876.00,65736.26,53.39,60.13
20241120 Y1H,Experiment,Group,,469-696-2,Experiment,None,,R3,PHO5pr-mCherry - YL2-H,,6861,28,245.036,14.665,65.807,5841,N/A,4756,N/A,4700,N/A,4060.70,N/A,69.52,N/A,3387.74,N/A,71.23,N/A
20241120 Y1H,Experiment,Group,,469-696-2,Experiment,None,,R1,PHO5pr-mCherry - YL2-H,,10000,28,357.143,21.375,21.375,4691,N/A,3141,N/A,4700,N/A,5331.05,N/A,113.65,N/A,3895.53,N/A,124.04,N/A
20241120 Y1H,Experiment,Group,,469-696-2,Experiment,None,,R1,FSC - FSC-H,FSC - FSC-W,10000,28,357.143,21.375,26.028,298253,89,269552,87,205817,84,117702.15,8.42,39.46,9.51,114681.33,8.90,42.55,10.22
20241120 Y1H,Experiment,Group,,469-696-2,Experiment,None,,R2,FSC - FSC-H,FSC - FSC-W,36418,28,1300.643,77.843,77.843,387937,110,378111,104,238511,97,160956.78,28.36,41.49,25.82,201876.00,17.79,53.39,17.11
20241120 Y1H,Experiment,Group,,469-696-2,Experiment,None,,R3,PHO5pr-mCherry - YL2-H,,6861,28,245.036,14.665,14.665,5841,N/A,4756,N/A,4700,N/A,4060.70,N/A,69.52,N/A,3387.74,N/A,71.23,N/A
20241120 Y1H,Experiment,Group,,469-696-3,Experiment,None,N/A,All Events,N/A,N/A,48050,35,1372.857,100.000,100.000,N/A,N/A,N/A,N/A,N/A,N/A,N/A,N/A,N/A,N/A,N/A,N/A,N/A,N/A
20241120 Y1H,Experiment,Group,,469-696-3,Experiment,None,,R2,FSC - FSC-H,SSC - SSC-H,38548,35,1101.371,80.225,78.056,386467,114930,375921,105058,220157,54235,157952.58,56190.05,40.87,48.89,197352.59,64376.71,52.50,61.28
20241120 Y1H,Experiment,Group,,469-696-3,Experiment,None,,R3,PHO5pr-mCherry - YL2-H,,7083,35,202.371,14.741,69.667,5843,N/A,4917,N/A,6073,N/A,3857.29,N/A,66.02,N/A,3300.27,N/A,67.12,N/A
20241120 Y1H,Experiment,Group,,469-696-3,Experiment,None,,R1,PHO5pr-mCherry - YL2-H,,10000,35,285.714,20.812,20.812,4763,N/A,3491,N/A,6073,N/A,5109.92,N/A,107.29,N/A,4120.89,N/A,118.06,N/A
20241120 Y1H,Experiment,Group,,469-696-3,Experiment,None,,R1,FSC - FSC-H,FSC - FSC-W,10000,35,285.714,20.812,25.240,290468,88,262975,87,207780,83,112280.17,8.07,38.65,9.14,110220.93,7.41,41.91,8.52
20241120 Y1H,Experiment,Group,,469-696-3,Experiment,None,,R2,FSC - FSC-H,FSC - FSC-W,38548,35,1101.371,80.225,80.225,386467,109,375921,105,220157,99,157952.58,25.47,40.87,23.45,197352.59,16.31,52.50,15.53
20241120 Y1H,Experiment,Group,,469-696-3,Experiment,None,,R3,PHO5pr-mCherry - YL2-H,,7083,35,202.371,14.741,14.741,5843,N/A,4917,N/A,6073,N/A,3857.29,N/A,66.02,N/A,3300.27,N/A,67.12,N/A
20241120 Y1H,Experiment,Group,,346-696-4,Experiment,None,N/A,All Events,N/A,N/A,43116,50,862.320,100.000,100.000,N/A,N/A,N/A,N/A,N/A,N/A,N/A,N/A,N/A,N/A,N/A,N/A,N/A,N/A
20241120 Y1H,Experiment,Group,,346-696-4,Experiment,None,,R2,FSC - FSC-H,SSC - SSC-H,25079,50,501.580,58.166,58.166,433471,129720,444445,125414,525274,66492,166105.51,59545.90,38.32,45.90,207805.66,74515.47,46.76,59.42
20241120 Y1H,Experiment,Group,,346-696-4,Experiment,None,,R3,PHO5pr-mCherry - YL2-H,,2767,50,55.340,6.418,47.740,10665,N/A,10844,N/A,14258,N/A,5303.82,N/A,49.73,N/A,6158.72,N/A,56.79,N/A
20241120 Y1H,Experiment,Group,,346-696-4,Experiment,None,,R1,PHO5pr-mCherry - YL2-H,,5796,50,115.920,13.443,13.443,13679,N/A,10326,N/A,0,N/A,14873.80,N/A,108.73,N/A,14180.33,N/A,137.33,N/A
20241120 Y1H,Experiment,Group,,346-696-4,Experiment,None,,R1,FSC - FSC-H,FSC - FSC-W,5796,50,115.920,13.443,23.111,325211,90,299435,89,259067,86,124903.23,8.85,38.41,9.84,129361.30,8.90,43.20,10.00
20241120 Y1H,Experiment,Group,,346-696-4,Experiment,None,,R2,FSC - FSC-H,FSC - FSC-W,25079,50,501.580,58.166,58.166,433471,112,444445,108,525274,100,166105.51,25.71,38.32,22.95,207805.66,17.79,46.76,16.47
20241120 Y1H,Experiment,Group,,346-696-4,Experiment,None,,R3,PHO5pr-mCherry - YL2-H,,2767,50,55.340,6.418,6.418,10665,N/A,10844,N/A,14258,N/A,5303.82,N/A,49.73,N/A,6158.72,N/A,56.79,N/A
20241120 Y1H,Experiment,Group,,NA-696-1,Experiment,None,N/A,All Events,N/A,N/A,41904,46,910.957,100.000,100.000,N/A,N/A,N/A,N/A,N/A,N/A,N/A,N/A,N/A,N/A,N/A,N/A,N/A,N/A
20241120 Y1H,Experiment,Group,,NA-696-1,Experiment,None,,R2,FSC - FSC-H,SSC - SSC-H,31070,46,675.435,74.146,71.815,378527,119414,369611,109971,228364,64562,149944.18,55672.49,39.61,46.62,188617.85,64206.96,51.03,58.39
20241120 Y1H,Experiment,Group,,NA-696-1,Experiment,None,,R3,PHO5pr-mCherry - YL2-H,,8,46,0.174,0.019,0.078,2092,N/A,1589,N/A,1321,N/A,1295.19,N/A,61.92,N/A,372.13,N/A,23.42,N/A
20241120 Y1H,Experiment,Group,,NA-696-1,Experiment,None,,R1,PHO5pr-mCherry - YL2-H,,10000,46,217.391,23.864,23.864,148,N/A,119,N/A,86,N/A,120.76,N/A,81.58,N/A,65.23,N/A,54.82,N/A
20241120 Y1H,Experiment,Group,,NA-696-1,Experiment,None,,R1,FSC - FSC-H,FSC - FSC-W,10000,46,217.391,23.864,31.183,296797,89,266512,88,203818,85,112636.78,8.20,37.95,9.19,107139.35,8.90,40.20,10.11
20241120 Y1H,Experiment,Group,,NA-696-1,Experiment,None,,R2,FSC - FSC-H,FSC - FSC-W,31070,46,675.435,74.146,74.146,378527,109,369611,103,228364,96,149944.18,25.07,39.61,23.09,188617.85,19.27,51.03,18.71
20241120 Y1H,Experiment,Group,,NA-696-1,Experiment,None,,R3,PHO5pr-mCherry - YL2-H,,8,46,0.174,0.019,0.019,2092,N/A,1589,N/A,1321,N/A,1295.19,N/A,61.92,N/A,372.13,N/A,23.42,N/A
20241120 Y1H,Experiment,Group,,469-1009-1,Experiment,None,N/A,All Events,N/A,N/A,48445,30,1614.833,100.000,100.000,N/A,N/A,N/A,N/A,N/A,N/A,N/A,N/A,N/A,N/A,N/A,N/A,N/A,N/A
20241120 Y1H,Experiment,Group,,469-1009-1,Experiment,None,,R2,FSC - FSC-H,SSC - SSC-H,37013,30,1233.767,76.402,73.517,398454,123555,402658,118544,222265,60436,154265.29,55306.00,38.72,44.76,192595.67,66301.87,47.83,55.93
20241120 Y1H,Experiment,Group,,469-1009-1,Experiment,None,,R3,PHO5pr-mCherry - YL2-H,,6415,30,213.833,13.242,62.017,7055,N/A,5910,N/A,11504,N/A,4595.62,N/A,65.14,N/A,4473.00,N/A,75.69,N/A
20241120 Y1H,Experiment,Group,,469-1009-1,Experiment,None,,R1,PHO5pr-mCherry - YL2-H,,10000,30,333.333,20.642,20.642,6182,N/A,3852,N/A,11504,N/A,7478.33,N/A,120.97,N/A,5328.46,N/A,138.33,N/A
20241120 Y1H,Experiment,Group,,469-1009-1,Experiment,None,,R1,FSC - FSC-H,FSC - FSC-W,10000,30,333.333,20.642,26.053,311289,89,287305,88,222371,86,117799.36,8.47,37.84,9.50,126380.53,8.90,43.99,10.11
20241120 Y1H,Experiment,Group,,469-1009-1,Experiment,None,,R2,FSC - FSC-H,FSC - FSC-W,37013,30,1233.767,76.402,76.402,398454,110,402658,106,222265,100,154265.29,27.25,38.72,24.77,192595.67,16.31,47.83,15.39
20241120 Y1H,Experiment,Group,,469-1009-1,Experiment,None,,R3,PHO5pr-mCherry - YL2-H,,6415,30,213.833,13.242,13.242,7055,N/A,5910,N/A,11504,N/A,4595.62,N/A,65.14,N/A,4473.00,N/A,75.69,N/A
20241120 Y1H,Experiment,Group,,469-1009-2,Experiment,None,N/A,All Events,N/A,N/A,55281,43,1285.605,100.000,100.000,N/A,N/A,N/A,N/A,N/A,N/A,N/A,N/A,N/A,N/A,N/A,N/A,N/A,N/A
20241120 Y1H,Experiment,Group,,469-1009-2,Experiment,None,,R2,FSC - FSC-H,SSC - SSC-H,42394,43,985.907,76.688,74.981,394064,122660,393192,116577,220164,66562,156655.53,55693.07,39.75,45.40,199094.64,66974.97,50.64,57.45
20241120 Y1H,Experiment,Group,,469-1009-2,Experiment,None,,R3,PHO5pr-mCherry - YL2-H,,6417,43,149.233,11.608,63.066,6903,N/A,5808,N/A,6769,N/A,4505.62,N/A,65.27,N/A,4198.72,N/A,72.29,N/A
20241120 Y1H,Experiment,Group,,469-1009-2,Experiment,None,,R1,PHO5pr-mCherry - YL2-H,,10000,43,232.558,18.089,18.089,6131,N/A,3909,N/A,6769,N/A,7475.99,N/A,121.93,N/A,5312.90,N/A,135.93,N/A
20241120 Y1H,Experiment,Group,,469-1009-2,Experiment,None,,R1,FSC - FSC-H,FSC - FSC-W,10000,43,232.558,18.089,23.070,294129,89,265540,87,230339,83,114718.39,8.28,39.00,9.36,109899.21,8.90,41.39,10.22
20241120 Y1H,Experiment,Group,,469-1009-2,Experiment,None,,R2,FSC - FSC-H,FSC - FSC-W,42394,43,985.907,76.688,76.688,394064,110,393192,106,220164,99,156655.53,25.18,39.75,23.00,199094.64,16.31,50.64,15.39
20241120 Y1H,Experiment,Group,,469-1009-2,Experiment,None,,R3,PHO5pr-mCherry - YL2-H,,6417,43,149.233,11.608,11.608,6903,N/A,5808,N/A,6769,N/A,4505.62,N/A,65.27,N/A,4198.72,N/A,72.29,N/A
20241120 Y1H,Experiment,Group,,469-1009-3,Experiment,None,N/A,All Events,N/A,N/A,42506,27,1574.296,100.000,100.000,N/A,N/A,N/A,N/A,N/A,N/A,N/A,N/A,N/A,N/A,N/A,N/A,N/A,N/A
20241120 Y1H,Experiment,Group,,469-1009-3,Experiment,None,,R2,FSC - FSC-H,SSC - SSC-H,33734,27,1249.407,79.363,75.674,370124,114847,353643,103875,216005,58321,154901.81,54917.30,41.85,47.82,188136.01,61001.58,53.20,58.73
20241120 Y1H,Experiment,Group,,469-1009-3,Experiment,None,,R3,PHO5pr-mCherry - YL2-H,,6589,27,244.037,15.501,63.289,6832,N/A,5709,N/A,7038,N/A,4536.41,N/A,66.40,N/A,4220.96,N/A,73.94,N/A
20241120 Y1H,Experiment,Group,,469-1009-3,Experiment,None,,R1,PHO5pr-mCherry - YL2-H,,10000,27,370.370,23.526,23.526,5961,N/A,3850,N/A,7038,N/A,7118.13,N/A,119.42,N/A,5096.44,N/A,132.37,N/A
20241120 Y1H,Experiment,Group,,469-1009-3,Experiment,None,,R1,FSC - FSC-H,FSC - FSC-W,10000,27,370.370,23.526,28.304,291797,88,263220,87,216191,84,114841.57,8.21,39.36,9.32,111232.80,8.90,42.26,10.22
20241120 Y1H,Experiment,Group,,469-1009-3,Experiment,None,,R2,FSC - FSC-H,FSC - FSC-W,33734,27,1249.407,79.363,79.363,370124,107,353643,102,216005,97,154901.81,26.24,41.85,24.44,188136.01,16.31,53.20,15.99
20241120 Y1H,Experiment,Group,,469-1009-3,Experiment,None,,R3,PHO5pr-mCherry - YL2-H,,6589,27,244.037,15.501,15.501,6832,N/A,5709,N/A,7038,N/A,4536.41,N/A,66.40,N/A,4220.96,N/A,73.94,N/A
20241120 Y1H,Experiment,Group,,NA-blank-2,Experiment,None,N/A,All Events,N/A,N/A,1353,50,27.060,100.000,100.000,N/A,N/A,N/A,N/A,N/A,N/A,N/A,N/A,N/A,N/A,N/A,N/A,N/A,N/A
20241120 Y1H,Experiment,Group,,NA-blank-2,Experiment,None,,R2,FSC - FSC-H,SSC - SSC-H,253,50,5.060,18.699,18.699,171109,71978,144144,59162,106997,50138,90273.75,37492.36,52.76,52.09,57815.47,25119.69,40.11,42.46
20241120 Y1H,Experiment,Group,,NA-blank-2,Experiment,None,,R3,PHO5pr-mCherry - YL2-H,,59,50,1.180,4.361,98.333,2417,N/A,2084,N/A,2142,N/A,1725.81,N/A,71.41,N/A,769.47,N/A,36.92,N/A
20241120 Y1H,Experiment,Group,,NA-blank-2,Experiment,None,,R1,PHO5pr-mCherry - YL2-H,,60,50,1.200,4.435,4.435,2377,N/A,2076,N/A,2142,N/A,1738.32,N/A,73.12,N/A,759.09,N/A,36.57,N/A
20241120 Y1H,Experiment,Group,,NA-blank-2,Experiment,None,,R1,FSC - FSC-H,FSC - FSC-W,60,50,1.200,4.435,23.715,137567,80,123620,80,107344,81,44794.03,4.27,32.56,5.31,32566.79,4.45,26.34,5.56
20241120 Y1H,Experiment,Group,,NA-blank-2,Experiment,None,,R2,FSC - FSC-H,FSC - FSC-W,253,50,5.060,18.699,18.699,171109,91,144144,90,106997,89,90273.75,11.88,52.76,13.07,57815.47,8.90,40.11,9.88
20241120 Y1H,Experiment,Group,,NA-blank-2,Experiment,None,,R3,PHO5pr-mCherry - YL2-H,,59,50,1.180,4.361,4.361,2417,N/A,2084,N/A,2142,N/A,1725.81,N/A,71.41,N/A,769.47,N/A,36.92,N/A
20241120 Y1H,Experiment,Group,,346-696-5,Experiment,None,N/A,All Events,N/A,N/A,38889,50,777.780,100.000,100.000,N/A,N/A,N/A,N/A,N/A,N/A,N/A,N/A,N/A,N/A,N/A,N/A,N/A,N/A
20241120 Y1H,Experiment,Group,,346-696-5,Experiment,None,,R2,FSC - FSC-H,SSC - SSC-H,17545,50,350.900,45.116,45.116,447005,139862,473814,140297,611368,66652,173766.32,60989.01,38.87,43.61,211881.33,80345.06,44.72,57.27
20241120 Y1H,Experiment,Group,,346-696-5,Experiment,None,,R3,PHO5pr-mCherry - YL2-H,,1368,50,27.360,3.518,35.569,10450,N/A,10914,N/A,16123,N/A,5736.20,N/A,54.89,N/A,7262.52,N/A,66.54,N/A
20241120 Y1H,Experiment,Group,,346-696-5,Experiment,None,,R1,PHO5pr-mCherry - YL2-H,,3846,50,76.920,9.890,9.890,19195,N/A,12866,N/A,0,N/A,22118.94,N/A,115.23,N/A,18396.84,N/A,142.99,N/A
20241120 Y1H,Experiment,Group,,346-696-5,Experiment,None,,R1,FSC - FSC-H,FSC - FSC-W,3846,50,76.920,9.890,21.921,326300,90,300318,89,261015,83,130232.78,9.18,39.91,10.21,139004.13,10.38,46.29,11.66
20241120 Y1H,Experiment,Group,,346-696-5,Experiment,None,,R2,FSC - FSC-H,FSC - FSC-W,17545,50,350.900,45.116,45.116,447005,113,473814,110,611368,114,173766.32,26.46,38.87,23.34,211881.33,19.27,44.72,17.52
20241120 Y1H,Experiment,Group,,346-696-5,Experiment,None,,R3,PHO5pr-mCherry - YL2-H,,1368,50,27.360,3.518,3.518,10450,N/A,10914,N/A,16123,N/A,5736.20,N/A,54.89,N/A,7262.52,N/A,66.54,N/A
20241120 Y1H,Experiment,Group,,470-696-1,Experiment,None,N/A,All Events,N/A,N/A,60957,50,1219.140,100.000,100.000,N/A,N/A,N/A,N/A,N/A,N/A,N/A,N/A,N/A,N/A,N/A,N/A,N/A,N/A
20241120 Y1H,Experiment,Group,,470-696-1,Experiment,None,,R2,FSC - FSC-H,SSC - SSC-H,43550,50,871.000,71.444,71.444,390801,121208,377738,112436,226316,68564,158865.96,56161.88,40.65,46.33,192707.60,65135.81,51.02,57.93
20241120 Y1H,Experiment,Group,,470-696-1,Experiment,None,,R3,PHO5pr-mCherry - YL2-H,,6373,50,127.460,10.455,63.212,5883,N/A,4717,N/A,6418,N/A,4104.30,N/A,69.76,N/A,3402.57,N/A,72.13,N/A
20241120 Y1H,Experiment,Group,,470-696-1,Experiment,None,,R1,PHO5pr-mCherry - YL2-H,,10082,50,201.640,16.540,16.540,4299,N/A,2668,N/A,6418,N/A,5185.95,N/A,120.62,N/A,3627.18,N/A,135.98,N/A
20241120 Y1H,Experiment,Group,,470-696-1,Experiment,None,,R1,FSC - FSC-H,FSC - FSC-W,10082,50,201.640,16.540,23.150,294288,88,271305,87,226444,86,112555.65,8.10,38.25,9.16,108624.91,7.41,40.04,8.52
20241120 Y1H,Experiment,Group,,470-696-1,Experiment,None,,R2,FSC - FSC-H,FSC - FSC-W,43550,50,871.000,71.444,71.444,390801,109,377738,105,226316,98,158865.96,24.17,40.65,22.22,192707.60,16.31,51.02,15.53
20241120 Y1H,Experiment,Group,,470-696-1,Experiment,None,,R3,PHO5pr-mCherry - YL2-H,,6373,50,127.460,10.455,10.455,5883,N/A,4717,N/A,6418,N/A,4104.30,N/A,69.76,N/A,3402.57,N/A,72.13,N/A
20241120 Y1H,Experiment,Group,,470-696-2,Experiment,None,N/A,All Events,N/A,N/A,57400,42,1366.667,100.000,100.000,N/A,N/A,N/A,N/A,N/A,N/A,N/A,N/A,N/A,N/A,N/A,N/A,N/A,N/A
20241120 Y1H,Experiment,Group,,470-696-2,Experiment,None,,R2,FSC - FSC-H,SSC - SSC-H,42763,42,1018.167,74.500,71.913,398435,126270,401027,124943,234525,64563,150638.66,53587.63,37.81,42.44,185697.13,64453.07,46.31,51.59
20241120 Y1H,Experiment,Group,,470-696-2,Experiment,None,,R3,PHO5pr-mCherry - YL2-H,,6369,42,151.643,11.096,62.234,6238,N/A,5149,N/A,5304,N/A,4215.86,N/A,67.58,N/A,3688.71,N/A,71.64,N/A
20241120 Y1H,Experiment,Group,,470-696-2,Experiment,None,,R1,PHO5pr-mCherry - YL2-H,,10000,42,238.095,17.422,17.422,4782,N/A,3064,N/A,5304,N/A,5688.76,N/A,118.96,N/A,4219.48,N/A,137.71,N/A
20241120 Y1H,Experiment,Group,,470-696-2,Experiment,None,,R1,FSC - FSC-H,FSC - FSC-W,10000,42,238.095,17.422,22.552,305448,89,279186,88,244804,85,113447.49,8.16,37.14,9.15,113633.13,8.90,40.70,10.11
20241120 Y1H,Experiment,Group,,470-696-2,Experiment,None,,R2,FSC - FSC-H,FSC - FSC-W,42763,42,1018.167,74.500,74.500,398435,109,401027,106,234525,110,150638.66,24.08,37.81,22.08,185697.13,14.83,46.31,13.99
20241120 Y1H,Experiment,Group,,470-696-2,Experiment,None,,R3,PHO5pr-mCherry - YL2-H,,6369,42,151.643,11.096,11.096,6238,N/A,5149,N/A,5304,N/A,4215.86,N/A,67.58,N/A,3688.71,N/A,71.64,N/A
20241120 Y1H,Experiment,Group,,470-696-3,Experiment,None,N/A,All Events,N/A,N/A,58798,50,1175.960,100.000,100.000,N/A,N/A,N/A,N/A,N/A,N/A,N/A,N/A,N/A,N/A,N/A,N/A,N/A,N/A
20241120 Y1H,Experiment,Group,,470-696-3,Experiment,None,,R2,FSC - FSC-H,SSC - SSC-H,45419,50,908.380,77.246,77.246,408209,124594,416873,120386,226321,62548,157189.66,55347.29,38.51,44.42,191596.39,66997.21,45.96,55.65
20241120 Y1H,Experiment,Group,,470-696-3,Experiment,None,,R3,PHO5pr-mCherry - YL2-H,,6159,50,123.180,10.475,61.806,5828,N/A,4632,N/A,4328,N/A,4066.12,N/A,69.77,N/A,3282.48,N/A,70.87,N/A
20241120 Y1H,Experiment,Group,,470-696-3,Experiment,None,,R1,PHO5pr-mCherry - YL2-H,,9965,50,199.300,16.948,16.948,4109,N/A,2561,N/A,4328,N/A,4985.65,N/A,121.33,N/A,3487.08,N/A,136.16,N/A
20241120 Y1H,Experiment,Group,,470-696-3,Experiment,None,,R1,FSC - FSC-H,FSC - FSC-W,9965,50,199.300,16.948,21.940,304190,89,281535,88,191343,85,118758.40,8.47,39.04,9.49,128227.11,8.90,45.55,10.11
20241120 Y1H,Experiment,Group,,470-696-3,Experiment,None,,R2,FSC - FSC-H,FSC - FSC-W,45419,50,908.380,77.246,77.246,408209,110,416873,107,226321,111,157189.66,23.42,38.51,21.37,191596.39,16.31,45.96,15.24
20241120 Y1H,Experiment,Group,,470-696-3,Experiment,None,,R3,PHO5pr-mCherry - YL2-H,,6159,50,123.180,10.475,10.475,5828,N/A,4632,N/A,4328,N/A,4066.12,N/A,69.77,N/A,3282.48,N/A,70.87,N/A
20241120 Y1H,Experiment,Group,,346-696-6,Experiment,None,N/A,All Events,N/A,N/A,33147,50,662.940,100.000,100.000,N/A,N/A,N/A,N/A,N/A,N/A,N/A,N/A,N/A,N/A,N/A,N/A,N/A,N/A
20241120 Y1H,Experiment,Group,,346-696-6,Experiment,None,,R2,FSC - FSC-H,SSC - SSC-H,19260,50,385.200,58.105,58.105,408435,119995,392610,107560,271325,68622,166768.73,59156.77,40.83,49.30,199557.96,65475.32,50.83,60.87
20241120 Y1H,Experiment,Group,,346-696-6,Experiment,None,,R3,PHO5pr-mCherry - YL2-H,,2299,50,45.980,6.936,49.345,9698,N/A,9152,N/A,13853,N/A,4934.99,N/A,50.89,N/A,5537.51,N/A,60.51,N/A
20241120 Y1H,Experiment,Group,,346-696-6,Experiment,None,,R1,PHO5pr-mCherry - YL2-H,,4659,50,93.180,14.056,14.056,9831,N/A,6330,N/A,0,N/A,12198.92,N/A,124.08,N/A,9029.03,N/A,142.64,N/A
20241120 Y1H,Experiment,Group,,346-696-6,Experiment,None,,R1,FSC - FSC-H,FSC - FSC-W,4659,50,93.180,14.056,24.190,311879,89,288712,88,242591,86,124484.22,8.87,39.91,9.97,128456.91,8.90,44.49,10.11
20241120 Y1H,Experiment,Group,,346-696-6,Experiment,None,,R2,FSC - FSC-H,FSC - FSC-W,19260,50,385.200,58.105,58.105,408435,108,392610,105,271325,101,166768.73,23.20,40.83,21.44,199557.96,16.31,50.83,15.53
20241120 Y1H,Experiment,Group,,346-696-6,Experiment,None,,R3,PHO5pr-mCherry - YL2-H,,2299,50,45.980,6.936,6.936,9698,N/A,9152,N/A,13853,N/A,4934.99,N/A,50.89,N/A,5537.51,N/A,60.51,N/A
20241120 Y1H,Experiment,Group,,NA-1009-1,Experiment,None,N/A,All Events,N/A,N/A,39280,38,1033.684,100.000,100.000,N/A,N/A,N/A,N/A,N/A,N/A,N/A,N/A,N/A,N/A,N/A,N/A,N/A,N/A
20241120 Y1H,Experiment,Group,,NA-1009-1,Experiment,None,,R2,FSC - FSC-H,SSC - SSC-H,26919,38,708.395,68.531,66.336,371072,122096,345666,110924,236536,66533,147060.51,55718.47,39.63,45.63,175542.80,63277.37,50.78,57.05
20241120 Y1H,Experiment,Group,,NA-1009-1,Experiment,None,,R3,PHO5pr-mCherry - YL2-H,,63,38,1.658,0.160,0.615,1347,N/A,1338,N/A,1357,N/A,163.96,N/A,12.17,N/A,151.23,N/A,11.30,N/A
20241120 Y1H,Experiment,Group,,NA-1009-1,Experiment,None,,R1,PHO5pr-mCherry - YL2-H,,10000,38,263.158,25.458,25.458,219,N/A,153,N/A,96,N/A,197.81,N/A,90.35,N/A,104.52,N/A,68.54,N/A
20241120 Y1H,Experiment,Group,,NA-1009-1,Experiment,None,,R1,FSC - FSC-H,FSC - FSC-W,10000,38,263.158,25.458,35.943,302072,89,273576,87,213838,87,110298.28,8.08,36.51,9.11,100976.92,7.41,36.91,8.52
20241120 Y1H,Experiment,Group,,NA-1009-1,Experiment,None,,R2,FSC - FSC-H,FSC - FSC-W,26919,38,708.395,68.531,68.531,371072,106,345666,101,236536,96,147060.51,24.14,39.63,22.75,175542.80,17.79,50.78,17.62
20241120 Y1H,Experiment,Group,,NA-1009-1,Experiment,None,,R3,PHO5pr-mCherry - YL2-H,,63,38,1.658,0.160,0.160,1347,N/A,1338,N/A,1357,N/A,163.96,N/A,12.17,N/A,151.23,N/A,11.30,N/A
20241120 Y1H,Experiment,Group,,470-1009-1,Experiment,None,N/A,All Events,N/A,N/A,54532,50,1090.640,100.000,100.000,N/A,N/A,N/A,N/A,N/A,N/A,N/A,N/A,N/A,N/A,N/A,N/A,N/A,N/A
20241120 Y1H,Experiment,Group,,470-1009-1,Experiment,None,,R2,FSC - FSC-H,SSC - SSC-H,34769,50,695.380,63.759,63.759,418644,130339,422421,125892,240639,62479,159008.02,57684.63,37.98,44.26,198048.67,71639.23,46.88,56.91
20241120 Y1H,Experiment,Group,,470-1009-1,Experiment,None,,R3,PHO5pr-mCherry - YL2-H,,4984,50,99.680,9.140,59.610,7181,N/A,6158,N/A,9242,N/A,4641.84,N/A,64.64,N/A,4582.72,N/A,74.42,N/A
20241120 Y1H,Experiment,Group,,470-1009-1,Experiment,None,,R1,PHO5pr-mCherry - YL2-H,,8361,50,167.220,15.332,15.332,5989,N/A,3466,N/A,9242,N/A,7562.21,N/A,126.26,N/A,4925.20,N/A,142.10,N/A
20241120 Y1H,Experiment,Group,,470-1009-1,Experiment,None,,R1,FSC - FSC-H,FSC - FSC-W,8361,50,167.220,15.332,24.047,323460,90,299878,89,240553,85,119880.09,8.63,37.06,9.62,130363.53,8.90,43.47,10.00
20241120 Y1H,Experiment,Group,,470-1009-1,Experiment,None,,R2,FSC - FSC-H,FSC - FSC-W,34769,50,695.380,63.759,63.759,418644,110,422421,107,240639,98,159008.02,25.11,37.98,22.77,198048.67,16.31,46.88,15.24
20241120 Y1H,Experiment,Group,,470-1009-1,Experiment,None,,R3,PHO5pr-mCherry - YL2-H,,4984,50,99.680,9.140,9.140,7181,N/A,6158,N/A,9242,N/A,4641.84,N/A,64.64,N/A,4582.72,N/A,74.42,N/A
20241120 Y1H,Experiment,Group,,470-1009-2,Experiment,None,N/A,All Events,N/A,N/A,53702,50,1074.040,100.000,100.000,N/A,N/A,N/A,N/A,N/A,N/A,N/A,N/A,N/A,N/A,N/A,N/A,N/A,N/A
20241120 Y1H,Experiment,Group,,470-1009-2,Experiment,None,,R2,FSC - FSC-H,SSC - SSC-H,36478,50,729.560,67.927,67.927,413072,127775,413742,121949,248930,60400,158429.51,57098.99,38.35,44.69,197172.45,69717.78,47.66,57.17
20241120 Y1H,Experiment,Group,,470-1009-2,Experiment,None,,R3,PHO5pr-mCherry - YL2-H,,5001,50,100.020,9.313,59.458,6996,N/A,5994,N/A,6677,N/A,4542.23,N/A,64.93,N/A,4398.87,N/A,73.39,N/A
20241120 Y1H,Experiment,Group,,470-1009-2,Experiment,None,,R1,PHO5pr-mCherry - YL2-H,,8411,50,168.220,15.662,15.662,5656,N/A,3292,N/A,6677,N/A,7107.50,N/A,125.66,N/A,4674.64,N/A,142.00,N/A
20241120 Y1H,Experiment,Group,,470-1009-2,Experiment,None,,R1,FSC - FSC-H,FSC - FSC-W,8411,50,168.220,15.662,23.058,313077,89,288054,88,236426,82,116565.85,8.40,37.23,9.39,119516.83,8.90,41.49,10.11
20241120 Y1H,Experiment,Group,,470-1009-2,Experiment,None,,R2,FSC - FSC-H,FSC - FSC-W,36478,50,729.560,67.927,67.927,413072,110,413742,107,248930,100,158429.51,24.80,38.35,22.47,197172.45,16.31,47.66,15.24
20241120 Y1H,Experiment,Group,,470-1009-2,Experiment,None,,R3,PHO5pr-mCherry - YL2-H,,5001,50,100.020,9.313,9.313,6996,N/A,5994,N/A,6677,N/A,4542.23,N/A,64.93,N/A,4398.87,N/A,73.39,N/A
20241120 Y1H,Experiment,Group,,470-1009-3,Experiment,None,N/A,All Events,N/A,N/A,57096,46,1241.217,100.000,100.000,N/A,N/A,N/A,N/A,N/A,N/A,N/A,N/A,N/A,N/A,N/A,N/A,N/A,N/A
20241120 Y1H,Experiment,Group,,470-1009-3,Experiment,None,,R2,FSC - FSC-H,SSC - SSC-H,41169,46,894.978,72.105,69.477,398100,124798,394940,117966,228389,70617,156875.72,55764.97,39.41,44.68,192570.46,65994.97,48.76,55.94
20241120 Y1H,Experiment,Group,,470-1009-3,Experiment,None,,R3,PHO5pr-mCherry - YL2-H,,6079,46,132.152,10.647,58.559,6816,N/A,5665,N/A,6153,N/A,4557.92,N/A,66.87,N/A,4296.57,N/A,75.84,N/A
20241120 Y1H,Experiment,Group,,470-1009-3,Experiment,None,,R1,PHO5pr-mCherry - YL2-H,,10000,46,217.391,17.514,17.514,5517,N/A,3160,N/A,6153,N/A,7014.68,N/A,127.15,N/A,4445.58,N/A,140.71,N/A
20241120 Y1H,Experiment,Group,,470-1009-3,Experiment,None,,R1,FSC - FSC-H,FSC - FSC-W,10000,46,217.391,17.514,23.416,302225,89,277471,88,234486,84,115332.18,8.30,38.16,9.34,116276.61,8.90,41.91,10.11
20241120 Y1H,Experiment,Group,,470-1009-3,Experiment,None,,R2,FSC - FSC-H,FSC - FSC-W,41169,46,894.978,72.105,72.105,398100,109,394940,106,228389,103,156875.72,24.76,39.41,22.68,192570.46,16.31,48.76,15.39
20241120 Y1H,Experiment,Group,,470-1009-3,Experiment,None,,R3,PHO5pr-mCherry - YL2-H,,6079,46,132.152,10.647,10.647,6816,N/A,5665,N/A,6153,N/A,4557.92,N/A,66.87,N/A,4296.57,N/A,75.84,N/A
20241120 Y1H,Experiment,Group,,NA-696-2,Experiment,None,N/A,All Events,N/A,N/A,39132,50,782.640,100.000,100.000,N/A,N/A,N/A,N/A,N/A,N/A,N/A,N/A,N/A,N/A,N/A,N/A,N/A,N/A
20241120 Y1H,Experiment,Group,,NA-696-2,Experiment,None,,R2,FSC - FSC-H,SSC - SSC-H,27768,50,555.360,70.960,70.960,382416,122994,375787,115556,230373,64488,149048.24,55557.96,38.98,45.17,186575.57,65817.80,49.65,56.96
20241120 Y1H,Experiment,Group,,NA-696-2,Experiment,None,,R3,PHO5pr-mCherry - YL2-H,,7,50,0.140,0.018,0.077,1881,N/A,1453,N/A,1264,N/A,1075.05,N/A,57.14,N/A,280.21,N/A,19.29,N/A
20241120 Y1H,Experiment,Group,,NA-696-2,Experiment,None,,R1,PHO5pr-mCherry - YL2-H,,9044,50,180.880,23.112,23.112,136,N/A,112,N/A,87,N/A,107.90,N/A,79.14,N/A,57.82,N/A,51.63,N/A
20241120 Y1H,Experiment,Group,,NA-696-2,Experiment,None,,R1,FSC - FSC-H,FSC - FSC-W,9044,50,180.880,23.112,32.570,301749,89,273354,88,228331,85,112705.83,8.18,37.35,9.15,108962.20,8.90,39.86,10.11
20241120 Y1H,Experiment,Group,,NA-696-2,Experiment,None,,R2,FSC - FSC-H,FSC - FSC-W,27768,50,555.360,70.960,70.960,382416,108,375787,103,230373,97,149048.24,23.96,38.98,22.15,186575.57,17.79,49.65,17.27
20241120 Y1H,Experiment,Group,,NA-696-2,Experiment,None,,R3,PHO5pr-mCherry - YL2-H,,7,50,0.140,0.018,0.018,1881,N/A,1453,N/A,1264,N/A,1075.05,N/A,57.14,N/A,280.21,N/A,19.29,N/A
20241120 Y1H,Experiment,Group,,346-696-7,Experiment,None,N/A,All Events,N/A,N/A,32708,50,654.160,100.000,100.000,N/A,N/A,N/A,N/A,N/A,N/A,N/A,N/A,N/A,N/A,N/A,N/A,N/A,N/A
20241120 Y1H,Experiment,Group,,346-696-7,Experiment,None,,R2,FSC - FSC-H,SSC - SSC-H,13395,50,267.900,40.953,40.953,430390,135671,437803,132694,265095,78780,170376.03,59737.74,39.59,44.03,212072.58,75511.78,48.44,56.91
20241120 Y1H,Experiment,Group,,346-696-7,Experiment,None,,R3,PHO5pr-mCherry - YL2-H,,896,50,17.920,2.739,30.209,10518,N/A,10979,N/A,18949,N/A,6096.39,N/A,57.96,N/A,8023.09,N/A,73.08,N/A
20241120 Y1H,Experiment,Group,,346-696-7,Experiment,None,,R1,PHO5pr-mCherry - YL2-H,,2966,50,59.320,9.068,9.068,15878,N/A,8089,N/A,0,N/A,20458.34,N/A,128.85,N/A,11892.68,N/A,147.03,N/A
20241120 Y1H,Experiment,Group,,346-696-7,Experiment,None,,R1,FSC - FSC-H,FSC - FSC-W,2966,50,59.320,9.068,22.143,319975,90,296536,88,267351,82,129345.52,8.99,40.42,10.03,137848.44,8.90,46.49,10.11
20241120 Y1H,Experiment,Group,,346-696-7,Experiment,None,,R2,FSC - FSC-H,FSC - FSC-W,13395,50,267.900,40.953,40.953,430390,111,437803,108,265095,107,170376.03,24.40,39.59,21.96,212072.58,17.79,48.44,16.47
20241120 Y1H,Experiment,Group,,346-696-7,Experiment,None,,R3,PHO5pr-mCherry - YL2-H,,896,50,17.920,2.739,2.739,10518,N/A,10979,N/A,18949,N/A,6096.39,N/A,57.96,N/A,8023.09,N/A,73.08,N/A
20241120 Y1H,Experiment,Group,,451-696-1,Experiment,None,N/A,All Events,N/A,N/A,62176,50,1243.520,100.000,100.000,N/A,N/A,N/A,N/A,N/A,N/A,N/A,N/A,N/A,N/A,N/A,N/A,N/A,N/A
20241120 Y1H,Experiment,Group,,451-696-1,Experiment,None,,R2,FSC - FSC-H,SSC - SSC-H,39873,50,797.460,64.129,64.129,400201,130187,405564,125583,533518,78836,166211.64,55254.13,41.53,42.44,204486.12,66580.60,50.42,53.02
20241120 Y1H,Experiment,Group,,451-696-1,Experiment,None,,R3,PHO5pr-mCherry - YL2-H,,6079,50,121.580,9.777,67.869,6159,N/A,4876,N/A,7329,N/A,4359.77,N/A,70.78,N/A,3767.29,N/A,77.26,N/A
20241120 Y1H,Experiment,Group,,451-696-1,Experiment,None,,R1,PHO5pr-mCherry - YL2-H,,8957,50,179.140,14.406,14.406,5486,N/A,3294,N/A,7329,N/A,6835.70,N/A,124.60,N/A,4103.84,N/A,124.59,N/A
20241120 Y1H,Experiment,Group,,451-696-1,Experiment,None,,R1,FSC - FSC-H,FSC - FSC-W,8957,50,179.140,14.406,22.464,297488,89,273866,87,234394,84,124448.52,8.76,41.83,9.89,130663.02,8.90,47.71,10.22
20241120 Y1H,Experiment,Group,,451-696-1,Experiment,None,,R2,FSC - FSC-H,FSC - FSC-W,39873,50,797.460,64.129,64.129,400201,109,405564,106,533518,111,166211.64,24.58,41.53,22.54,204486.12,16.31,50.42,15.39
20241120 Y1H,Experiment,Group,,451-696-1,Experiment,None,,R3,PHO5pr-mCherry - YL2-H,,6079,50,121.580,9.777,9.777,6159,N/A,4876,N/A,7329,N/A,4359.77,N/A,70.78,N/A,3767.29,N/A,77.26,N/A
20241120 Y1H,Experiment,Group,,451-696-2,Experiment,None,N/A,All Events,N/A,N/A,57622,50,1152.440,100.000,100.000,N/A,N/A,N/A,N/A,N/A,N/A,N/A,N/A,N/A,N/A,N/A,N/A,N/A,N/A
20241120 Y1H,Experiment,Group,,451-696-2,Experiment,None,,R2,FSC - FSC-H,SSC - SSC-H,40307,50,806.140,69.951,69.951,418918,131557,435475,129153,517094,123911,159752.57,54311.43,38.13,41.28,183670.42,64577.61,42.18,50.00
20241120 Y1H,Experiment,Group,,451-696-2,Experiment,None,,R3,PHO5pr-mCherry - YL2-H,,5485,50,109.700,9.519,66.412,6391,N/A,5045,N/A,7240,N/A,4516.46,N/A,70.67,N/A,3948.16,N/A,78.26,N/A
20241120 Y1H,Experiment,Group,,451-696-2,Experiment,None,,R1,PHO5pr-mCherry - YL2-H,,8259,50,165.180,14.333,14.333,5475,N/A,3297,N/A,7240,N/A,6647.54,N/A,121.41,N/A,4258.03,N/A,129.15,N/A
20241120 Y1H,Experiment,Group,,451-696-2,Experiment,None,,R1,FSC - FSC-H,FSC - FSC-W,8259,50,165.180,14.333,20.490,314045,90,297399,89,210182,86,126297.87,8.88,40.22,9.91,146738.85,10.38,49.34,11.66
20241120 Y1H,Experiment,Group,,451-696-2,Experiment,None,,R2,FSC - FSC-H,FSC - FSC-W,40307,50,806.140,69.951,69.951,418918,110,435475,109,517094,113,159752.57,23.80,38.13,21.56,183670.42,16.31,42.18,14.96
20241120 Y1H,Experiment,Group,,451-696-2,Experiment,None,,R3,PHO5pr-mCherry - YL2-H,,5485,50,109.700,9.519,9.519,6391,N/A,5045,N/A,7240,N/A,4516.46,N/A,70.67,N/A,3948.16,N/A,78.26,N/A
20241120 Y1H,Experiment,Group,,451-696-3,Experiment,None,N/A,All Events,N/A,N/A,58705,50,1174.100,100.000,100.000,N/A,N/A,N/A,N/A,N/A,N/A,N/A,N/A,N/A,N/A,N/A,N/A,N/A,N/A
20241120 Y1H,Experiment,Group,,451-696-3,Experiment,None,,R2,FSC - FSC-H,SSC - SSC-H,36587,50,731.740,62.323,62.323,392936,130098,400726,128319,517025,130004,161151.41,52471.92,41.01,40.33,197523.83,61306.99,49.29,47.78
20241120 Y1H,Experiment,Group,,451-696-3,Experiment,None,,R3,PHO5pr-mCherry - YL2-H,,5249,50,104.980,8.941,63.203,5997,N/A,4711,N/A,4953,N/A,4293.72,N/A,71.60,N/A,3564.17,N/A,75.66,N/A
20241120 Y1H,Experiment,Group,,451-696-3,Experiment,None,,R1,PHO5pr-mCherry - YL2-H,,8305,50,166.100,14.147,14.147,4947,N/A,2768,N/A,4953,N/A,6480.34,N/A,131.00,N/A,3676.85,N/A,132.83,N/A
20241120 Y1H,Experiment,Group,,451-696-3,Experiment,None,,R1,FSC - FSC-H,FSC - FSC-W,8305,50,166.100,14.147,22.699,290191,88,263829,87,209873,85,121831.77,8.65,41.98,9.78,124968.35,8.90,47.37,10.22
20241120 Y1H,Experiment,Group,,451-696-3,Experiment,None,,R2,FSC - FSC-H,FSC - FSC-W,36587,50,731.740,62.323,62.323,392936,108,400726,106,517025,112,161151.41,23.63,41.01,21.80,197523.83,16.31,49.29,15.39
20241120 Y1H,Experiment,Group,,451-696-3,Experiment,None,,R3,PHO5pr-mCherry - YL2-H,,5249,50,104.980,8.941,8.941,5997,N/A,4711,N/A,4953,N/A,4293.72,N/A,71.60,N/A,3564.17,N/A,75.66,N/A
20241120 Y1H,Experiment,Group,,346-696-8,Experiment,None,N/A,All Events,N/A,N/A,40000,50,800.000,100.000,100.000,N/A,N/A,N/A,N/A,N/A,N/A,N/A,N/A,N/A,N/A,N/A,N/A,N/A,N/A
20241120 Y1H,Experiment,Group,,346-696-8,Experiment,None,,R2,FSC - FSC-H,SSC - SSC-H,22008,50,440.160,55.020,55.020,438394,136306,451095,133907,547761,121806,163847.58,56817.08,37.37,41.68,196318.48,69303.39,43.52,51.75
20241120 Y1H,Experiment,Group,,346-696-8,Experiment,None,,R3,PHO5pr-mCherry - YL2-H,,1969,50,39.380,4.923,40.859,10164,N/A,10509,N/A,16548,N/A,5874.59,N/A,57.80,N/A,7834.06,N/A,74.55,N/A
20241120 Y1H,Experiment,Group,,346-696-8,Experiment,None,,R1,PHO5pr-mCherry - YL2-H,,4819,50,96.380,12.047,12.047,18232,N/A,13423,N/A,0,N/A,19406.92,N/A,106.45,N/A,18320.49,N/A,136.49,N/A
20241120 Y1H,Experiment,Group,,346-696-8,Experiment,None,,R1,FSC - FSC-H,FSC - FSC-W,4819,50,96.380,12.047,21.897,333404,91,317023,90,242838,88,127577.93,9.02,38.27,9.96,145769.23,10.38,45.98,11.53
20241120 Y1H,Experiment,Group,,346-696-8,Experiment,None,,R2,FSC - FSC-H,FSC - FSC-W,22008,50,440.160,55.020,55.020,438394,111,451095,109,547761,112,163847.58,23.74,37.37,21.34,196318.48,16.31,43.52,14.96
20241120 Y1H,Experiment,Group,,346-696-8,Experiment,None,,R3,PHO5pr-mCherry - YL2-H,,1969,50,39.380,4.923,4.923,10164,N/A,10509,N/A,16548,N/A,5874.59,N/A,57.80,N/A,7834.06,N/A,74.55,N/A
20241120 Y1H,Experiment,Group(1),beads.fcs,beads,Experiment,None,N/A,All Events,N/A,N/A,10000,9,1111.111,100.000,100.000,N/A,N/A,N/A,N/A,N/A,N/A,N/A,N/A,N/A,N/A,N/A,N/A,N/A,N/A
20241120 Y1H,Experiment,Group(1),beads.fcs,beads,Experiment,None,,R2,FSC - FSC-H,SSC - SSC-H,1217,9,135.222,12.170,12.170,158890,41893,151783,39230,142248,35760,32955.78,11747.72,20.74,28.04,24634.88,8378.17,16.23,21.36
20241120 Y1H,Experiment,Group(1),beads.fcs,beads,Experiment,None,,R3,PHO5pr-mCherry - YL2-H,,144,9,16.000,1.440,16.981,13826,N/A,14401,N/A,9122,N/A,3579.36,N/A,25.89,N/A,4603.47,N/A,31.97,N/A
20241120 Y1H,Experiment,Group(1),beads.fcs,beads,Experiment,None,,R1,PHO5pr-mCherry - YL2-H,,848,9,94.222,8.480,8.480,52950,N/A,54659,N/A,75303,N/A,27409.31,N/A,51.76,N/A,25864.70,N/A,47.32,N/A
20241120 Y1H,Experiment,Group(1),beads.fcs,beads,Experiment,None,,R1,FSC - FSC-H,FSC - FSC-W,848,9,94.222,8.480,69.680,156547,79,150437,79,142121,78,31496.66,3.68,20.12,4.64,23064.07,2.97,15.33,3.75
20241120 Y1H,Experiment,Group(1),beads.fcs,beads,Experiment,None,,R2,FSC - FSC-H,FSC - FSC-W,1217,9,135.222,12.170,12.170,158890,86,151783,81,142248,78,32955.78,16.43,20.74,19.00,24634.88,7.41,16.23,9.15
20241120 Y1H,Experiment,Group(1),beads.fcs,beads,Experiment,None,,R3,PHO5pr-mCherry - YL2-H,,144,9,16.000,1.440,1.440,13826,N/A,14401,N/A,9122,N/A,3579.36,N/A,25.89,N/A,4603.47,N/A,31.97,N/A
20241120 Y1H,Experiment,Group,,247-696-2,Experiment,None,N/A,All Events,N/A,N/A,32119,50,642.380,100.000,100.000,N/A,N/A,N/A,N/A,N/A,N/A,N/A,N/A,N/A,N/A,N/A,N/A,N/A,N/A
20241120 Y1H,Experiment,Group,,247-696-2,Experiment,None,,R2,FSC - FSC-H,SSC - SSC-H,9900,50,198.000,30.823,30.823,445056,148181,475940,155678,594949,216093,187150.95,61988.62,42.05,41.83,228892.68,82288.75,48.09,52.86
20241120 Y1H,Experiment,Group,,247-696-2,Experiment,None,,R3,PHO5pr-mCherry - YL2-H,,17,50,0.340,0.053,0.886,1723,N/A,1389,N/A,1181,N/A,1353.15,N/A,78.54,N/A,286.14,N/A,20.60,N/A
20241120 Y1H,Experiment,Group,,247-696-2,Experiment,None,,R1,PHO5pr-mCherry - YL2-H,,1919,50,38.380,5.975,5.975,201,N/A,122,N/A,93,N/A,259.70,N/A,129.05,N/A,78.58,N/A,64.41,N/A
20241120 Y1H,Experiment,Group,,247-696-2,Experiment,None,,R1,FSC - FSC-H,FSC - FSC-W,1919,50,38.380,5.975,19.384,314437,89,290158,88,271526,82,134287.25,9.32,42.71,10.43,140454.11,8.90,48.41,10.11
20241120 Y1H,Experiment,Group,,247-696-2,Experiment,None,,R2,FSC - FSC-H,FSC - FSC-W,9900,50,198.000,30.823,30.823,445056,114,475940,111,594949,98,187150.95,27.10,42.05,23.81,228892.68,20.76,48.09,18.70
20241120 Y1H,Experiment,Group,,247-696-2,Experiment,None,,R3,PHO5pr-mCherry - YL2-H,,17,50,0.340,0.053,0.053,1723,N/A,1389,N/A,1181,N/A,1353.15,N/A,78.54,N/A,286.14,N/A,20.60,N/A
20241120 Y1H,Experiment,Group,,451-1009-1,Experiment,None,N/A,All Events,N/A,N/A,51211,50,1024.220,100.000,100.000,N/A,N/A,N/A,N/A,N/A,N/A,N/A,N/A,N/A,N/A,N/A,N/A,N/A,N/A
20241120 Y1H,Experiment,Group,,451-1009-1,Experiment,None,,R2,FSC - FSC-H,SSC - SSC-H,30058,50,601.160,58.694,58.694,411730,134008,413933,131781,468063,62544,158427.28,56684.24,38.48,42.30,197302.92,71276.74,47.67,54.09
20241120 Y1H,Experiment,Group,,451-1009-1,Experiment,None,,R3,PHO5pr-mCherry - YL2-H,,3003,50,60.060,5.864,47.121,6811,N/A,5464,N/A,6090,N/A,4844.84,N/A,71.14,N/A,4504.14,N/A,82.43,N/A
20241120 Y1H,Experiment,Group,,451-1009-1,Experiment,None,,R1,PHO5pr-mCherry - YL2-H,,6373,50,127.460,12.445,12.445,5368,N/A,1551,N/A,86,N/A,8828.80,N/A,164.47,N/A,2201.66,N/A,141.95,N/A
20241120 Y1H,Experiment,Group,,451-1009-1,Experiment,None,,R1,FSC - FSC-H,FSC - FSC-W,6373,50,127.460,12.445,21.202,303590,89,278023,88,201488,85,115807.96,8.41,38.15,9.46,115556.81,8.90,41.56,10.11
20241120 Y1H,Experiment,Group,,451-1009-1,Experiment,None,,R2,FSC - FSC-H,FSC - FSC-W,30058,50,601.160,58.694,58.694,411730,110,413933,107,468063,110,158427.28,23.36,38.48,21.24,197302.92,16.31,47.67,15.24
20241120 Y1H,Experiment,Group,,451-1009-1,Experiment,None,,R3,PHO5pr-mCherry - YL2-H,,3003,50,60.060,5.864,5.864,6811,N/A,5464,N/A,6090,N/A,4844.84,N/A,71.14,N/A,4504.14,N/A,82.43,N/A
20241120 Y1H,Experiment,Group,,451-1009-2,Experiment,None,N/A,All Events,N/A,N/A,57980,42,1380.476,100.000,100.000,N/A,N/A,N/A,N/A,N/A,N/A,N/A,N/A,N/A,N/A,N/A,N/A,N/A,N/A
20241120 Y1H,Experiment,Group,,451-1009-2,Experiment,None,,R2,FSC - FSC-H,SSC - SSC-H,40833,42,972.214,70.426,67.993,406690,128774,410971,124043,244647,66491,154659.57,54293.09,38.03,42.16,188048.53,63965.29,45.76,51.57
20241120 Y1H,Experiment,Group,,451-1009-2,Experiment,None,,R3,PHO5pr-mCherry - YL2-H,,5230,42,124.524,9.020,50.980,6804,N/A,5494,N/A,5992,N/A,4730.06,N/A,69.52,N/A,4395.91,N/A,80.02,N/A
20241120 Y1H,Experiment,Group,,451-1009-2,Experiment,None,,R1,PHO5pr-mCherry - YL2-H,,10000,42,238.095,17.247,17.247,5512,N/A,2243,N/A,113,N/A,8322.11,N/A,150.97,N/A,3175.73,N/A,141.62,N/A
20241120 Y1H,Experiment,Group,,451-1009-2,Experiment,None,,R1,FSC - FSC-H,FSC - FSC-W,10000,42,238.095,17.247,23.627,316703,89,294928,89,255065,84,118842.23,8.63,37.52,9.64,129780.87,8.90,44.00,10.00
20241120 Y1H,Experiment,Group,,451-1009-2,Experiment,None,,R2,FSC - FSC-H,FSC - FSC-W,40833,42,972.214,70.426,70.426,406690,110,410971,106,244647,113,154659.57,25.88,38.03,23.55,188048.53,16.31,45.76,15.39
20241120 Y1H,Experiment,Group,,451-1009-2,Experiment,None,,R3,PHO5pr-mCherry - YL2-H,,5230,42,124.524,9.020,9.020,6804,N/A,5494,N/A,5992,N/A,4730.06,N/A,69.52,N/A,4395.91,N/A,80.02,N/A
20241120 Y1H,Experiment,Group,,451-1009-3,Experiment,None,N/A,All Events,N/A,N/A,61220,50,1224.400,100.000,100.000,N/A,N/A,N/A,N/A,N/A,N/A,N/A,N/A,N/A,N/A,N/A,N/A,N/A,N/A
20241120 Y1H,Experiment,Group,,451-1009-3,Experiment,None,,R2,FSC - FSC-H,SSC - SSC-H,38280,50,765.600,62.529,62.529,405538,127137,404712,122934,240561,62445,165392.97,60899.92,40.78,47.90,218114.18,80826.90,53.89,65.75
20241120 Y1H,Experiment,Group,,451-1009-3,Experiment,None,,R3,PHO5pr-mCherry - YL2-H,,4953,50,99.060,8.090,52.591,6462,N/A,5302,N/A,6596,N/A,4493.03,N/A,69.53,N/A,4065.29,N/A,76.67,N/A
20241120 Y1H,Experiment,Group,,451-1009-3,Experiment,None,,R1,PHO5pr-mCherry - YL2-H,,9418,50,188.360,15.384,15.384,5835,N/A,2425,N/A,6596,N/A,8929.30,N/A,153.02,N/A,3439.63,N/A,141.84,N/A
20241120 Y1H,Experiment,Group,,451-1009-3,Experiment,None,,R1,FSC - FSC-H,FSC - FSC-W,9418,50,188.360,15.384,24.603,301597,88,266348,87,205889,82,117324.92,8.49,38.90,9.60,101567.74,8.90,38.13,10.22
20241120 Y1H,Experiment,Group,,451-1009-3,Experiment,None,,R2,FSC - FSC-H,FSC - FSC-W,38280,50,765.600,62.529,62.529,405538,109,404712,106,240561,99,165392.97,25.38,40.78,23.22,218114.18,17.79,53.89,16.78
20241120 Y1H,Experiment,Group,,451-1009-3,Experiment,None,,R3,PHO5pr-mCherry - YL2-H,,4953,50,99.060,8.090,8.090,6462,N/A,5302,N/A,6596,N/A,4493.03,N/A,69.53,N/A,4065.29,N/A,76.67,N/A
20241120 Y1H,Experiment,Group,,NA-1009-2,Experiment,None,N/A,All Events,N/A,N/A,38100,40,952.500,100.000,100.000,N/A,N/A,N/A,N/A,N/A,N/A,N/A,N/A,N/A,N/A,N/A,N/A,N/A,N/A
20241120 Y1H,Experiment,Group,,NA-1009-2,Experiment,None,,R2,FSC - FSC-H,SSC - SSC-H,26591,40,664.775,69.793,67.095,375284,123201,358385,113797,230369,70698,147399.28,55536.57,39.28,45.08,181594.78,64739.21,50.67,56.89
20241120 Y1H,Experiment,Group,,NA-1009-2,Experiment,None,,R3,PHO5pr-mCherry - YL2-H,,105,40,2.625,0.276,1.011,2391,N/A,2059,N/A,2427,N/A,1522.64,N/A,63.68,N/A,641.97,N/A,31.18,N/A
20241120 Y1H,Experiment,Group,,NA-1009-2,Experiment,None,,R1,PHO5pr-mCherry - YL2-H,,10000,40,250.000,26.247,26.247,205,N/A,134,N/A,92,N/A,311.55,N/A,151.85,N/A,84.51,N/A,63.07,N/A
20241120 Y1H,Experiment,Group,,NA-1009-2,Experiment,None,,R1,FSC - FSC-H,FSC - FSC-W,10000,40,250.000,26.247,36.186,305070,89,276421,88,230278,84,111627.18,8.25,36.59,9.26,108370.65,8.90,39.20,10.11
20241120 Y1H,Experiment,Group,,NA-1009-2,Experiment,None,,R2,FSC - FSC-H,FSC - FSC-W,26591,40,664.775,69.793,69.793,375284,107,358385,101,230369,98,147399.28,24.59,39.28,23.04,181594.78,17.79,50.67,17.62
20241120 Y1H,Experiment,Group,,NA-1009-2,Experiment,None,,R3,PHO5pr-mCherry - YL2-H,,105,40,2.625,0.276,0.276,2391,N/A,2059,N/A,2427,N/A,1522.64,N/A,63.68,N/A,641.97,N/A,31.18,N/A
